Site,Frequency_Hz,mod_60,mod_64,base3_code,Sexagesimal_House,House_Index,nearest_432_ref,nearest_432_value,delta_to_432_ref_Hz
Ħal Saflieni Hypogeum (Malta),70,10,6,2121,Structure,2,432/6,72.0,2.0
Ħal Saflieni Hypogeum (Malta),114,54,50,11020,Void,10,432/4,108.0,6.0
Newgrange (Ireland),110,50,46,11002,Void,10,432/4,108.0,2.0
Newgrange (Ireland),113,53,49,11012,Void,10,432/4,108.0,5.0
Chavín de Huántar (Peru),120,0,56,11110,Source/Seed,0,432/4,108.0,12.0
Chavín de Huántar (Peru),130,10,2,11211,Structure,2,432/3,144.0,14.0
Maeshowe (Orkney),96,36,32,10120,Decline,7,432/5,86.4,9.6
Gavrinis (Brittany),92,32,28,10102,Union,6,432/5,86.4,5.6
Gavrinis (Brittany),96,36,32,10120,Decline,7,432/5,86.4,9.6
Ica Stones Cave (Peru),52,52,52,1221,Void,10,432/8,54.0,2.0
Ica Stones Cave (Peru),104,44,40,10212,Wisdom,8,432/4,108.0,4.0
Great Pyramid – King's Chamber (Egypt),117,57,53,11100,Renewal,11,432/4,108.0,9.0
Göbekli Tepe (Turkey),14,14,14,112,Structure,2,432/12,36.0,22.0
Göbekli Tepe (Turkey),22,22,22,211,Expansion,4,432/12,36.0,14.0
Mnajdra (Malta),104,44,40,10212,Wisdom,8,432/4,108.0,4.0
Cueva de los Tayos (Ecuador),120,0,56,11110,Source/Seed,0,432/4,108.0,12.0
Sarmizegetusa (Romania),96,36,32,10120,Decline,7,432/5,86.4,9.6
Sarmizegetusa (Romania),98,38,34,10122,Decline,7,432/4,108.0,10.0
Chauvet Cave (France),43,43,43,1121,Wisdom,8,432/10,43.2,0.2
Chauvet Cave (France),46,46,46,1201,Release,9,432/9,48.0,2.0
Ajanta Caves (India),75,15,11,2210,Transition,3,432/6,72.0,3.0
Ajanta Caves (India),82,22,18,10001,Expansion,4,432/5,86.4,4.4
Stonehenge (England),110,50,46,11002,Void,10,432/4,108.0,2.0
Teotihuacán (Mexico),115,55,51,11021,Renewal,11,432/4,108.0,7.0
Mesoamerican Ballcourt,130,10,2,11211,Structure,2,432/3,144.0,14.0
Italian Hypogeum (drum excite),55,55,55,2001,Renewal,11,432/8,54.0,1.0
Italian Hypogeum (chamber),94,34,30,10111,Union,6,432/5,86.4,7.6
Italian Hypogeum (chamber),103,43,39,10211,Wisdom,8,432/4,108.0,5.0
